Classifier,Accuracy,Precision,Recall,F1-Score,ROC AUC
SVM Linear,0.8,0.8421052631578949,0.8,0.7450980392156862,0.9733333333333334
SVM RBF,0.75,0.5625,0.75,0.6428571428571428,0.92
SVM Polynomial,0.75,0.5625,0.75,0.6428571428571428,0.09333333333333332
Random Forest,0.75,0.5625,0.75,0.6428571428571428,0.9400000000000001
k-NN (k=3),0.8,0.8421052631578949,0.8,0.7450980392156862,0.6933333333333334
Logistic Regression,0.8,0.8421052631578949,0.8,0.7450980392156862,0.9866666666666667
CNN (PyTorch),0.65,0.42250000000000004,0.65,0.5121212121212121,0.7802197802197802
